City,Lat,Lng,Max Temp,Humidity,Cloudiness,Wind Speed,Country,Date
Bredasdorp,-34.53,20.04,44.6,87,48,9.17,ZA,1601176563
Punta Arenas,-53.15,-70.92,37.4,86,75,19.46,CL,1601176330
Koróni,36.8,21.95,68.0,93,40,6.17,GR,1601176564
Flin Flon,54.77,-101.86,48.83,80,98,9.22,CA,1601176564
Kaitangata,-46.28,169.85,45.0,62,93,15.01,NZ,1601176315
Kamaishi,39.27,141.88,60.8,87,75,1.12,JP,1601176565
Calvià,39.57,2.51,73.4,53,29,10.29,ES,1601176565
Kavieng,-2.57,150.8,83.66,79,94,11.54,PG,1601176565
Albertville,34.27,-86.21,64.99,88,75,2.19,US,1601176373
Mahébourg,-20.41,57.7,69.8,77,75,6.93,MU,1601176566
Ushuaia,-54.8,-68.3,35.6,93,40,13.87,AR,1601176038
Tual,-5.67,132.75,80.42,83,53,15.12,ID,1601176566
Thompson,55.74,-97.86,44.6,100,90,8.05,CA,1601176567
Hasaki,35.73,140.83,72.0,94,75,6.93,JP,1601176472
Barrow,71.29,-156.79,32.0,96,90,6.93,US,1601176324
Chokurdakh,70.63,147.92,45.82,55,28,12.91,RU,1601176360
Plettenberg Bay,-34.05,23.37,47.43,74,15,8.16,ZA,1601176568
Tiksi,71.69,128.87,42.28,79,100,4.34,RU,1601176337
Mar del Plata,-38.0,-57.56,54.0,100,90,6.93,AR,1601176568
Castro,-24.79,-50.01,65.64,50,0,3.8,BR,1601176390
Nemuro,43.32,145.57,57.2,93,75,12.75,JP,1601176391
Kununurra,-15.77,128.73,93.2,44,31,6.93,AU,1601176242
Mozarlândia,-14.74,-50.57,81.23,40,0,4.36,BR,1601176569
Bethel,41.37,-73.41,66.99,93,90,3.36,US,1601176344
Casambalangan,18.38,122.13,86.81,67,100,4.56,PH,1601176570
Ambon City,-3.7,128.18,86.0,70,75,6.93,ID,1601176487
Cap-aux-Meules,47.38,-61.86,60.8,77,40,17.22,CA,1601176571
Cape Town,-33.93,18.42,48.99,81,75,6.93,ZA,1601176332
Warwick,41.7,-71.42,66.99,88,90,5.82,US,1601176497
Mataura,-46.19,168.86,46.0,70,93,18.99,NZ,1601176571
Ilulissat,69.22,-51.1,32.0,95,100,6.93,GL,1601176572
Puerto Ayora,-0.74,-90.35,68.0,87,20,4.0,EC,1601176353
Albany,42.6,-73.97,69.01,96,0,5.32,US,1601176572
Roscommon,53.63,-8.18,37.0,98,33,4.0,IE,1601176572
Mariana,-20.38,-43.42,65.28,62,0,3.11,BR,1601176573
Saint George,37.1,-113.58,82.4,11,1,5.82,US,1601176505
Hobart,-42.88,147.33,53.01,43,40,17.22,AU,1601176330
Zigong,29.34,104.78,66.13,93,100,1.34,CN,1601176282
Bluff,-46.6,168.33,46.0,72,78,21.0,NZ,1601176343
Avarua,-21.21,-159.78,75.2,73,86,11.41,CK,1601176346
Butaritari,3.07,172.79,82.72,72,98,10.76,KI,1601176574
Hamilton,39.18,-84.53,68.0,93,1,7.25,US,1601176460
Vaini,-21.2,-175.2,78.8,69,20,11.41,TO,1601176574
Atuona,-9.8,-139.03,78.44,71,1,12.33,PF,1601176575
Río Gallegos,-51.62,-69.22,42.8,70,95,8.05,AR,1601176575
Los Llanos de Aridane,28.66,-17.92,75.2,69,90,17.22,ES,1601176576
São Gabriel da Cachoeira,-0.13,-67.09,73.78,93,13,1.66,BR,1601176576
Opuwo,-18.06,13.84,57.13,36,0,4.5,NA,1601176577
Busselton,-33.65,115.33,60.01,86,99,1.99,AU,1601176341
Faanui,-16.48,-151.75,79.09,80,62,14.14,PF,1601176578
Santana do Acaraú,-3.46,-40.21,72.72,87,3,4.03,BR,1601176578
Rongcheng,30.63,117.85,73.99,90,94,6.89,CN,1601176579
Rikitea,-23.12,-134.97,74.46,83,4,12.28,PF,1601176579
Manga,11.66,-1.07,73.9,92,100,6.73,BF,1601176580
Alice Springs,-23.7,133.88,77.0,14,9,11.41,AU,1601176580
Port Alfred,-33.59,26.89,51.57,66,11,16.2,ZA,1601176317
Manali,13.17,80.27,82.4,88,75,3.36,IN,1601176580
Esperance,-33.87,121.9,62.6,72,35,12.75,AU,1601176581
Saint Paul Harbor,57.79,-152.41,51.8,62,1,8.05,US,1601176581
Constitución,-35.33,-72.42,48.45,80,0,8.19,CL,1601176581
Niles,42.02,-87.8,77.0,47,90,19.46,US,1601176295
Morros,-9.45,-46.3,76.26,41,73,1.3,BR,1601176582
Cap Malheureux,-19.98,57.61,70.0,79,45,5.99,MU,1601176582
Viedma,-40.81,-63.0,50.0,79,100,1.99,AR,1601176583
Kyzyl-Mazhalyk,51.13,90.6,43.81,57,7,1.34,RU,1601176583
Yeppoon,-23.13,150.73,80.6,19,0,6.93,AU,1601176584
George Town,5.41,100.34,78.8,74,20,5.82,MY,1601176584
Guadalupe y Calvo,26.1,-106.97,54.75,90,18,2.64,MX,1601176584
Mora,11.05,14.14,75.65,73,100,2.62,CM,1601176585
Dikson,73.51,80.55,37.98,78,100,21.94,RU,1601176335
Caconda,-13.73,15.07,53.8,91,5,4.16,AO,1601176585
Kieta,-6.22,155.63,81.27,73,100,3.02,PG,1601176585
Hermanus,-34.42,19.23,44.01,94,82,1.01,ZA,1601176586
Blagoyevo,63.37,47.92,51.03,93,95,5.79,RU,1601176586
Anchorage,61.22,-149.9,53.6,66,20,1.88,US,1601176515
Padang,-0.95,100.35,76.86,76,100,3.31,ID,1601176451
Ulkan,57.24,107.32,44.67,76,100,9.24,RU,1601176587
Sobolevo,54.43,31.9,54.5,61,0,13.69,RU,1601176587
At-Bashi,41.17,75.81,49.77,44,97,1.61,KG,1601176588
Port Hedland,-20.32,118.57,93.2,20,0,5.82,AU,1601176588
Kapaa,22.08,-159.32,84.2,62,40,11.41,US,1601176318
Lompoc,34.64,-120.46,60.8,82,1,8.05,US,1601176527
Vostok,46.49,135.88,56.48,48,0,5.57,RU,1601176589
Nishihara,26.18,127.76,77.0,78,90,8.05,JP,1601176589
Tasiilaq,65.61,-37.64,34.61,90,100,2.62,GL,1601176590
Jamestown,42.1,-79.24,64.0,82,1,10.29,US,1601176590
Domoni,-12.26,44.53,74.77,79,29,9.78,KM,1601176590
Hilo,19.73,-155.09,82.4,61,75,8.05,US,1601176510
San Cristobal,7.77,-72.22,65.57,80,55,1.57,VE,1601176454
Fairbanks,64.84,-147.72,55.4,58,1,4.7,US,1601176365
Yellowknife,62.46,-114.35,43.0,93,90,2.24,CA,1601176342
Inírida,3.87,-67.92,73.56,97,100,2.06,CO,1601176591
Aykhal,66.0,111.5,33.8,72,90,6.71,RU,1601176592
Jiamusi,46.83,130.35,65.21,58,2,5.86,CN,1601176592
San Patricio,19.22,-104.7,79.97,79,37,0.25,MX,1601176380
Kruisfontein,-34.0,24.73,48.0,74,0,1.01,ZA,1601176593
Cidreira,-30.18,-50.21,64.81,93,91,22.26,BR,1601176487
Atar,20.52,-13.05,91.06,22,0,13.58,MR,1601176344
Singapore,1.29,103.85,84.2,83,75,8.05,SG,1601176294
Khatanga,71.97,102.5,43.48,91,100,15.68,RU,1601176359
Río Tercero,-32.17,-64.11,48.99,91,0,16.11,AR,1601176594
Aklavik,68.22,-135.01,33.8,84,90,6.93,CA,1601176594
Paka,4.64,103.44,77.0,88,40,2.24,MY,1601176595
Huarmey,-10.07,-78.15,61.34,84,34,9.01,PE,1601176595
Nome,64.5,-165.41,42.8,41,1,5.82,US,1601176327
Provideniya,64.38,-173.3,36.77,75,49,8.59,RU,1601176596
Sitka,57.05,-135.33,53.6,76,75,12.75,US,1601176391
Conway,35.09,-92.44,64.99,93,90,4.7,US,1601176512
Bethanien,-26.5,17.16,36.77,82,0,2.1,NA,1601176596
Saint-Philippe,-21.36,55.77,69.8,49,39,8.05,RE,1601176320
Qaanaaq,77.48,-69.36,12.65,76,91,5.77,GL,1601176341
San Policarpo,12.18,125.51,85.71,71,26,9.37,PH,1601176597
Pangnirtung,66.15,-65.71,31.91,91,76,2.3,CA,1601176597
Chui,-33.7,-53.46,59.54,93,100,6.93,UY,1601176339
Ribeira Grande,38.52,-28.7,70.38,88,66,14.74,PT,1601176314
Iqaluit,63.75,-68.51,28.4,79,75,6.93,CA,1601176598
Laja,-37.27,-72.7,46.4,93,1,2.24,CL,1601176598
San,13.3,-4.9,77.95,74,100,8.03,ML,1601176502
Saint-Louis,16.33,-15.0,82.4,88,55,4.7,SN,1601176599
Ballina,-28.87,153.57,75.0,34,0,14.99,AU,1601176599
Bengkulu,-3.8,102.27,82.54,69,93,7.65,ID,1601176379
Constantine,36.37,6.61,53.6,71,24,6.93,DZ,1601176600
Palu,-0.89,119.87,90.07,52,91,1.97,ID,1601176369
Necochea,-38.55,-58.74,53.01,99,100,5.01,AR,1601176363
Palmer,42.16,-72.33,66.99,88,40,3.36,US,1601176600
Lüderitz,-26.65,15.16,52.0,68,0,20.2,NA,1601176340
Hithadhoo,-0.6,73.08,82.54,67,84,3.51,MV,1601176319
Lata,40.16,-8.33,64.0,91,99,3.0,PT,1601176601
Chiredzi,-21.05,31.67,67.71,80,41,10.89,ZW,1601176602
Udachny,66.42,112.4,33.8,72,90,6.71,RU,1601176602
Jinchang,38.5,102.17,63.91,53,36,8.16,CN,1601176602
Bogorodskoye,56.55,37.88,51.87,71,91,8.72,RU,1601176603
Norman Wells,65.28,-126.83,42.8,75,75,3.36,CA,1601176379
New Richmond,45.12,-92.54,62.01,93,90,4.7,US,1601176603
Nikolskoye,59.7,30.79,54.0,87,2,8.95,RU,1601176326
Juegang,32.32,121.19,74.32,65,5,9.6,CN,1601176604
Tuatapere,-46.13,167.68,46.0,72,81,21.0,NZ,1601176248
Sokolo,14.73,-6.12,81.95,61,23,12.24,ML,1601176604
Inhambane,-23.86,35.38,71.22,90,7,5.14,MZ,1601176605
Fairview,40.81,-74.0,69.8,94,40,5.79,US,1601176605
Pontianak,-0.03,109.33,80.8,84,100,3.09,ID,1601176606
Belmonte,-15.86,-38.88,71.6,78,40,3.36,BR,1601176606
Sur,22.57,59.53,87.06,42,0,3.44,OM,1601176607
Dergachi,51.23,48.77,47.71,56,55,9.42,RU,1601176607
Mount Gambier,-37.83,140.77,55.4,62,40,4.7,AU,1601176608
East London,-33.02,27.91,50.0,61,2,9.17,ZA,1601176608
Cairns,-16.92,145.77,89.01,38,51,6.93,AU,1601176608
Baykit,61.67,96.37,42.19,69,100,5.23,RU,1601176352
Bourail,-21.57,165.48,78.6,67,79,7.99,NC,1601176609
Pisco,-13.7,-76.22,63.0,77,0,6.93,PE,1601176495
New Norfolk,-42.78,147.06,53.01,61,87,5.01,AU,1601176328
Montana,43.41,23.23,54.84,61,0,6.49,BG,1601176609
Sisimiut,66.94,-53.67,33.4,92,100,8.12,GL,1601176350
Lima Duarte,-21.84,-43.79,65.05,67,0,2.64,BR,1601176610
Grindavik,63.84,-22.43,42.8,100,40,6.93,IS,1601176371
Ailigandí,9.23,-78.02,79.47,82,98,6.33,PA,1601176610
Kadoma,34.73,135.58,78.8,61,75,9.17,JP,1601176611
Koungou,-12.73,45.2,78.8,74,75,8.05,YT,1601176611
Cherskiy,68.75,161.3,43.79,67,1,20.45,RU,1601176355
Buta,2.79,24.73,70.05,96,99,1.61,CD,1601176611
Poum,-20.23,164.02,74.84,86,16,6.98,NC,1601176612
Bambanglipuro,-7.95,110.28,84.0,42,86,15.23,ID,1601176612
Luanda,-8.84,13.23,69.8,94,75,2.24,AO,1601176612
Ust'-Ishim,57.69,71.17,46.98,83,96,4.63,RU,1601176613
Lavrentiya,65.58,-171.0,36.63,79,67,16.37,RU,1601176613
Lebu,-37.62,-73.65,48.07,89,7,11.01,CL,1601176613
Buala,-8.14,159.59,86.02,66,65,8.79,SB,1601176614
Muncar,-8.43,114.33,85.64,58,59,7.63,ID,1601176614
Tuktoyaktuk,69.45,-133.04,35.6,100,90,13.87,CA,1601176614
Port Hardy,50.7,-127.42,51.8,93,40,2.24,CA,1601176505
Pacific Grove,36.62,-121.92,66.99,88,0,3.0,US,1601176615
Sertãozinho,-21.14,-47.99,73.4,46,0,4.41,BR,1601176615
Vila Franca do Campo,37.72,-25.43,68.0,88,75,8.05,PT,1601176357
Teya,60.38,92.63,42.84,74,99,3.02,RU,1601176615
Bayeux,-7.12,-34.93,71.6,94,72,4.7,BR,1601176616
Salalah,17.02,54.09,78.8,83,75,3.36,OM,1601176348
Carnarvon,-24.87,113.63,73.4,46,43,12.75,AU,1601176264
Minsk,53.9,27.57,57.2,67,4,11.18,BY,1601176616
Ponta do Sol,32.67,-17.1,71.6,64,40,13.87,PT,1601176617
Astoria,46.19,-123.83,60.01,93,75,9.17,US,1601176617
Airai,-8.93,125.41,79.66,38,45,6.55,TL,1601176617
Sioux Lookout,50.1,-91.92,59.0,72,90,9.17,CA,1601176618
Yakeshi,49.28,120.73,57.11,61,20,13.94,CN,1601176618
Dongfeng,42.64,125.51,68.27,59,0,6.04,CN,1601176619
Balikpapan,-1.27,116.83,80.6,94,40,8.05,ID,1601176528
Indianola,41.36,-93.56,78.8,54,90,11.41,US,1601176619
Ghanzi,-21.57,21.78,55.71,34,0,7.09,BW,1601176620
Portland,45.52,-122.68,62.01,76,29,4.36,US,1601176569
Mirny,62.54,113.96,37.4,93,0,11.18,RU,1601176350
Kinkala,-4.36,14.76,70.99,83,94,5.88,CG,1601176620
Naranjal,-2.67,-79.62,77.0,78,40,10.29,EC,1601176621
Havre-St-Pierre,50.23,-63.6,44.6,87,75,6.93,CA,1601176621
Redmond,47.67,-122.12,57.99,88,78,2.91,US,1601176608
Sørland,67.67,12.69,44.35,72,3,14.81,NO,1601176622
Severo-Kuril'sk,50.68,156.12,52.07,60,94,8.61,RU,1601176622
Cabo San Lucas,22.89,-109.91,82.99,83,20,9.17,MX,1601176484
Havøysund,71.0,24.66,41.0,65,25,18.34,NO,1601176623
Sinnamary,5.38,-52.95,78.94,84,34,9.55,GF,1601176623
Buarcos,40.17,-8.88,64.4,93,75,12.75,PT,1601176623
Tiarei,-17.53,-149.33,84.2,66,20,10.29,PF,1601176624
Maltahöhe,-24.83,16.98,41.85,60,0,5.03,NA,1601176624
Alofi,-19.06,-169.92,77.0,73,86,18.34,NU,1601176452
Amapá,1.0,-52.0,73.47,85,73,4.25,BR,1601176624
Banjar,-8.19,114.97,87.8,70,20,11.41,ID,1601176625
Oddur,4.12,43.89,71.04,75,23,12.59,SO,1601176625
Banda Aceh,5.56,95.32,84.96,65,98,8.41,ID,1601176365
Taoudenni,22.68,-3.98,90.72,12,0,4.07,ML,1601176561
Mopipi,-21.18,24.88,64.74,23,0,8.93,BW,1601176626
Nabire,-3.37,135.48,85.37,65,78,3.13,ID,1601176626
Nikita,44.53,34.23,63.27,85,43,8.12,UA,1601176626
Katangli,51.71,143.23,53.49,71,100,15.03,RU,1601176626
Nanortalik,60.14,-45.24,37.72,81,0,10.33,GL,1601176627
Rio Grande,-32.03,-52.1,64.0,96,100,15.99,BR,1601176627
Shellbrook,53.22,-106.4,53.6,76,90,12.75,CA,1601176543
Lagoa,39.05,-27.98,69.51,87,37,15.55,PT,1601176628
Ludwigslust,53.32,11.5,48.99,93,100,4.0,DE,1601176628
Kahului,20.89,-156.47,87.8,48,90,21.92,US,1601176519
Santo Estêvão,-12.43,-39.25,65.64,99,2,3.31,BR,1601176628
Katsuura,35.13,140.3,71.01,79,100,9.62,JP,1601176629
Inta,66.03,60.17,53.19,88,100,18.43,RU,1601176629
Sivas Province,39.79,37.0,48.2,76,0,3.36,TR,1601176630
Gusinoye Ozero,51.11,106.26,47.21,59,93,9.13,RU,1601176630
Hambantota,6.12,81.12,80.6,94,20,6.93,LK,1601176631
Nerchinskiy Zavod,51.31,119.61,50.52,55,0,14.81,RU,1601176631
Maniitsoq,65.42,-52.9,36.72,81,100,14.72,GL,1601176631
Tete,-16.16,33.59,71.01,43,0,3.36,MZ,1601176632
Egvekinot,66.32,-179.17,32.83,82,2,5.12,RU,1601176632
Abbeville,50.1,1.83,52.0,76,100,22.82,FR,1601176632
Petapa,14.5,-90.55,68.0,93,75,4.7,GT,1601176632
Kumul,42.8,93.45,63.9,27,10,6.51,CN,1601176633
Port Elizabeth,-33.92,25.57,50.0,71,40,14.99,ZA,1601176633
Medvezh'yegorsk,62.92,34.47,49.77,95,98,4.14,RU,1601176633
Dongning,44.06,131.12,64.38,51,0,4.38,CN,1601176634
Anadyr,64.75,177.48,39.2,55,40,6.71,RU,1601176634
Pevek,69.7,170.31,36.95,86,83,12.46,RU,1601176634
Saint-Pierre,-21.34,55.48,69.8,49,0,8.05,RE,1601176635
Sept-Îles,50.2,-66.38,46.4,93,90,2.24,CA,1601176635
Chapais,49.78,-74.85,57.2,100,90,6.93,CA,1601176635
Longyearbyen,78.22,15.64,28.4,68,75,4.7,SJ,1601176636
High Rock,26.62,-78.28,83.39,75,0,3.56,BS,1601176636
Zhicheng,30.3,111.5,79.0,71,97,2.21,CN,1601176340
Manzhouli,49.6,117.43,52.61,45,0,20.8,CN,1601176637
Bilibino,68.05,166.44,35.38,83,93,5.28,RU,1601176637
Sulangan,11.14,123.72,84.22,73,60,3.91,PH,1601176637
Pakxan,18.38,103.66,87.49,68,100,1.83,LA,1601176637
Bosobolo,4.18,19.9,68.52,96,90,1.63,CD,1601176638
Gander,48.97,-54.59,51.8,71,90,6.93,CA,1601176638
Presidente Médici,-11.18,-61.9,78.31,64,91,3.56,BR,1601176638
Hobyo,5.35,48.53,77.04,84,91,19.19,SO,1601176639
Hegang,47.4,130.37,61.38,70,61,5.35,CN,1601176639
Zeya,53.75,127.27,57.24,87,100,6.58,RU,1601176639
Vanimo,-2.67,141.3,86.72,63,96,7.67,PG,1601176640
Seoul,37.57,126.98,73.4,53,1,4.7,KR,1601176468
Khurai,24.04,78.33,78.89,76,11,6.49,IN,1601176640
Bubaque,11.28,-15.83,80.49,79,100,0.83,GW,1601176641
Upernavik,72.79,-56.15,27.91,93,100,3.89,GL,1601176641
College,64.86,-147.8,55.4,58,40,4.7,US,1601176641
Kiomboi,-4.27,34.37,61.74,70,68,5.01,TZ,1601176642
Itarema,-2.92,-39.92,76.6,84,48,14.88,BR,1601176642
Ust-Maya,60.42,134.53,58.64,52,100,13.24,RU,1601176643
Aracaju,-10.91,-37.07,78.8,65,40,10.29,BR,1601176643
Sinjai,-5.12,120.25,85.05,68,97,9.95,ID,1601176643
Farsund,58.09,6.8,57.0,79,84,10.89,NO,1601176644
Pangai,-19.8,-174.35,74.17,79,73,21.79,TO,1601176644
St. George's,12.06,-61.75,82.4,83,25,9.71,GD,1601176590
Okhotsk,59.38,143.3,52.66,76,99,9.15,RU,1601176644
Skole,49.04,23.51,51.26,88,100,4.94,UA,1601176645
Pozo Colorado,-23.49,-58.8,86.63,33,0,7.9,PY,1601176646
Horodnya,51.89,31.6,61.9,43,3,17.45,UA,1601176647
Caucayá,-0.19,-74.78,73.08,87,21,2.66,CO,1601176647
Krk,45.03,14.57,59.0,81,75,13.87,HR,1601176647
Paamiut,61.99,-49.67,37.11,73,10,5.84,GL,1601176317
Bundaberg,-24.85,152.35,81.0,12,0,4.7,AU,1601176648
Ambato,-1.25,-78.62,50.74,71,96,1.79,EC,1601176438
Kapit,2.02,112.93,86.67,62,97,3.11,MY,1601176648
Troitskoye,52.98,84.68,44.37,82,13,4.81,RU,1601176649
Olafsvik,64.89,-23.71,46.89,89,64,12.91,IS,1601176649
Oistins,13.07,-59.53,82.4,78,20,13.87,BB,1601176649
Yenagoa,4.92,6.26,73.67,94,100,1.72,NG,1601176650
Torbay,47.67,-52.73,54.0,81,75,17.22,CA,1601176650
Karangampel,-6.46,108.45,88.38,53,100,2.59,ID,1601176650
Dudinka,69.41,86.18,39.2,93,75,15.66,RU,1601176446
Asău,46.43,26.4,53.01,98,16,4.83,RO,1601176651
Gambēla,8.25,34.58,70.16,93,99,2.98,ET,1601176651
Bilma,18.69,12.92,82.24,16,49,1.99,NE,1601176652
Alexandria,31.22,29.96,75.2,83,0,4.7,EG,1601176652
Rocha,-34.48,-54.33,59.99,96,100,7.56,UY,1601176652
Morehead,37.27,-87.18,68.0,100,1,6.58,US,1601176653
Hachinohe,40.5,141.5,66.2,72,75,5.82,JP,1601176415
Beatrice,40.27,-96.75,78.8,36,1,9.17,US,1601176653
Gelibolu,40.41,26.67,71.6,64,75,9.17,TR,1601176653
Ternate,0.8,127.4,83.44,73,100,4.09,ID,1601176654
Koumac,-20.57,164.28,75.87,80,67,8.46,NC,1601176654
Geraldton,-28.77,114.6,71.6,46,90,8.05,AU,1601176655
Turtas,58.94,69.13,48.78,89,100,4.92,RU,1601176656
Grand Gaube,-20.01,57.66,70.0,79,43,5.99,MU,1601176656
Talnakh,69.49,88.4,39.2,93,75,15.66,RU,1601176656
Ierissos,40.4,23.88,55.99,79,0,1.99,GR,1601176656
Monrovia,6.3,-10.8,75.2,94,75,2.17,LR,1601176657
Vila Velha,-20.33,-40.29,77.0,78,0,10.29,BR,1601176657
Rabo de Peixe,37.8,-25.58,68.0,88,75,8.05,PT,1601176657
Kushima,31.46,131.23,78.8,57,20,11.41,JP,1601176658
Nur,52.67,22.32,64.35,72,100,15.35,PL,1601176658
Vardø,70.37,31.11,41.72,67,0,11.72,NO,1601176658
Fenoarivo Atsinanana,-17.37,49.42,67.12,84,40,3.6,MG,1601176659
Garissa,-0.45,39.64,72.23,86,20,6.69,KE,1601176659
Petrolina de Goiás,-16.09,-49.34,75.2,35,0,3.2,BR,1601176659
Kribi,2.95,9.92,74.97,89,100,9.64,CM,1601176659
Ancud,-41.87,-73.82,48.0,93,27,5.41,CL,1601176361
Edéa,3.8,10.13,77.0,100,75,1.12,CM,1601176660
Arukutti,9.87,76.35,78.8,94,75,3.36,IN,1601176660
Morón,-34.65,-58.62,63.0,98,100,2.77,AR,1601176660
Romny,50.75,33.47,63.46,43,26,20.13,UA,1601176661
Chumikan,54.72,135.31,52.84,79,63,8.81,RU,1601176661
Östersund,63.18,14.64,41.0,93,100,4.7,SE,1601176661
Rosita,13.93,-84.4,74.03,96,26,0.69,NI,1601176662
Coquimbo,-29.95,-71.34,50.0,87,0,3.36,CL,1601176662
Bintulu,3.17,113.03,82.4,74,20,10.29,MY,1601176663
Broken Hill,-31.95,141.43,57.2,47,0,5.82,AU,1601176663
Arraial do Cabo,-22.97,-42.03,72.75,88,0,20.42,BR,1601176664
Laguna,38.42,-121.42,86.0,34,1,4.7,US,1601176355
Krasnoarmeysk,51.02,45.7,46.99,47,0,1.99,RU,1601176664
Ekuvukeni,-28.47,30.16,53.15,87,50,3.96,ZA,1601176665
Harper,4.38,-7.72,76.14,89,44,8.05,LR,1601176665
Manokwari,-0.87,134.08,84.67,67,3,7.36,ID,1601176665
Karratha,-20.74,116.85,85.95,18,0,4.32,AU,1601176665
Mossamedes,-15.2,12.15,62.29,85,77,3.38,AO,1601176382
Umluj,25.02,37.27,81.86,44,0,8.52,SA,1601176666
Konin,52.22,18.25,50.0,92,100,1.99,PL,1601176666
Napier City,-39.48,176.92,71.01,41,43,15.01,NZ,1601176666
Arrondissement du Havre,49.58,0.33,53.6,66,90,23.04,FR,1601176667
Ulaangom,49.98,92.07,47.57,49,48,6.11,MN,1601176392
Meulaboh,4.14,96.13,83.68,64,9,3.24,ID,1601176667
Guerrero Negro,27.98,-114.06,69.85,81,0,13.24,MX,1601176310
Ratnagiri,16.98,73.3,79.72,83,83,4.72,IN,1601176668
Turukhansk,65.82,87.98,43.74,87,100,10.58,RU,1601176668
Ulaanbaatar,47.91,106.88,42.8,38,75,2.24,MN,1601176668
Waitati,-45.75,170.57,48.0,66,43,25.99,NZ,1601176669
Laas,46.62,10.7,37.4,65,40,2.24,IT,1601176345
Rovaniemi,66.5,25.72,39.2,93,96,13.87,FI,1601176669
Leland,34.26,-78.04,73.0,83,20,3.36,US,1601176669
Batemans Bay,-35.72,150.18,59.0,41,0,3.0,AU,1601176321
Chara,56.91,118.26,48.11,57,49,13.65,RU,1601176670
Gornyy,55.12,83.91,42.26,89,100,2.55,RU,1601176670
Ilinskaya,45.72,40.72,61.81,61,36,15.93,RU,1601176670
La Palma,33.85,-118.05,70.0,83,1,5.82,US,1601176671
Ormara,25.21,64.64,83.16,62,0,13.69,PK,1601176671
Boa Vista,2.82,-60.67,84.2,66,20,3.36,BR,1601176671
Samarai,-10.62,150.67,79.88,85,67,15.14,PG,1601176332
Aksarka,66.56,67.8,46.56,89,19,9.71,RU,1601176672
Kavaratti,10.57,72.64,81.55,79,97,9.91,IN,1601176395
Saskylakh,71.92,114.08,36.46,84,100,15.66,RU,1601176361
Houston,29.76,-95.36,78.8,78,1,10.29,US,1601176439
Xai-Xai,-25.05,33.64,69.75,73,88,15.88,MZ,1601176673
Waingapu,-9.66,120.26,89.35,50,8,13.58,ID,1601176673
Kiunga,-6.12,141.29,82.63,83,90,2.77,PG,1601176673
Touros,-5.2,-35.46,71.6,94,0,4.7,BR,1601176329
Dauphin,51.15,-100.05,53.6,87,90,6.93,CA,1601176674
Charter Township of Clinton,42.59,-82.92,73.0,88,75,12.75,US,1601176674
Piterka,50.68,47.45,48.51,54,85,10.92,RU,1601176674
Innisfail,-17.53,146.03,86.0,33,81,5.01,AU,1601176675
Ostrovnoy,68.05,39.51,42.42,82,100,11.21,RU,1601176675
Kiryat Gat,31.61,34.76,73.99,76,0,6.17,IL,1601176505
Savinka,50.08,47.1,48.85,52,0,11.63,RU,1601176675
Kedrovyy,56.17,91.82,42.8,93,75,6.71,RU,1601176676
Severobaykal'sk,55.65,109.32,46.4,70,100,5.66,RU,1601176676
Lamar,33.67,-95.58,66.99,93,1,8.05,US,1601176676
Praia,14.92,-23.51,78.8,78,20,2.24,CV,1601176386
Fevik,58.38,8.68,55.0,76,100,18.34,NO,1601176677
Port Lincoln,-34.73,135.87,56.05,65,4,15.7,AU,1601176677
Auki,-8.77,160.7,82.92,69,74,6.35,SB,1601176677
Saint-Avertin,47.36,0.74,50.0,76,90,11.41,FR,1601176678
Port Macquarie,-31.43,152.92,71.01,24,0,1.99,AU,1601176678
Alyangula,-13.85,136.42,93.2,30,67,11.41,AU,1601176357
Klaksvík,62.23,-6.59,44.6,87,100,11.41,FO,1601176678
Kropotkin,45.44,40.58,61.83,67,19,15.01,RU,1601176393
Vestmanna,62.16,-7.17,44.6,87,100,11.41,FO,1601176679
Qaqortoq,60.72,-46.03,35.6,55,0,5.82,GL,1601176679
Najrān,17.49,44.13,69.8,30,0,2.26,SA,1601176680
Coyhaique,-45.58,-72.07,42.8,81,75,2.24,CL,1601176427
Masterton,-40.96,175.66,55.99,89,80,15.01,NZ,1601176680
Emerald,-23.53,148.17,82.0,15,0,10.29,AU,1601176680
Matara,5.95,80.54,82.56,75,75,7.14,LK,1601176681
Saldanha,-33.01,17.94,41.0,86,46,2.24,ZA,1601176681
Leningradskiy,69.38,178.42,33.76,92,100,7.47,RU,1601176346
Hirara,24.8,125.28,75.2,88,75,9.17,JP,1601176682
Santa Isabel Rio Negro,-0.41,-65.02,72.86,98,73,2.13,BR,1601176386
Isangel,-19.55,169.27,82.4,74,75,6.93,VU,1601176682
Nālūt,30.33,10.85,67.66,85,32,9.42,LY,1601176682
Zemio,5.03,25.14,69.67,97,100,3.8,CF,1601176683
Kuytun,54.34,101.5,41.76,92,100,12.21,RU,1601176683
Esim,4.87,-2.24,74.89,91,96,8.03,GH,1601176683
Avera,33.19,-82.53,66.2,78,1,2.91,US,1601176684
Sola,-13.88,167.55,80.35,78,76,18.7,VU,1601176684
Samfya,-11.36,29.56,63.23,41,0,2.75,ZM,1601176684
Soyo,-6.13,12.37,73.47,79,57,7.7,AO,1601176685
Coolum Beach,-26.53,153.1,73.99,26,0,3.0,AU,1601176685
Saravan,39.72,45.65,60.8,63,20,9.17,AM,1601176685
Alberton,46.82,-64.07,60.73,70,34,17.74,CA,1601176686
Souillac,-20.52,57.52,69.8,77,75,6.93,MU,1601176686
Port Blair,11.67,92.75,84.83,72,100,14.56,IN,1601176370
Empório,40.48,21.55,48.2,76,40,4.7,GR,1601176686
Lucapa,-8.42,20.74,66.67,88,10,1.63,AO,1601176687
Ibipeba,-11.64,-42.01,65.53,68,0,8.08,BR,1601176687
Fort Nelson,58.81,-122.7,46.4,93,75,2.24,CA,1601176504
Funadhoo,6.15,73.27,81.84,78,94,8.32,MV,1601176687
Almenara,-16.18,-40.69,67.62,86,20,2.28,BR,1601176688
Whitehorse,60.72,-135.05,51.8,53,75,12.75,CA,1601176504
Mayumba,-3.43,10.66,74.08,83,100,7.38,GA,1601176634
Praia da Vitória,38.73,-27.07,69.8,94,75,11.7,PT,1601176688
Chokwé,-24.53,32.98,68.13,72,33,12.17,MZ,1601176689
Aykino,62.22,49.99,46.45,97,18,4.56,RU,1601176689
Rebrikha,53.07,82.34,44.31,69,27,5.35,RU,1601176690
Cerrito,6.84,-72.69,49.51,83,88,5.53,CO,1601176690
Brae,60.4,-1.35,46.4,75,0,10.29,GB,1601176690
Nanuque,-17.84,-40.35,69.66,82,0,7.49,BR,1601176690
Sedona,34.87,-111.76,77.0,26,1,5.82,US,1601176588
Jiangyou,31.77,104.72,62.83,91,100,3.27,CN,1601176691
Storslett,69.77,21.02,36.84,79,1,6.29,NO,1601176691
Loudi,27.73,111.99,64.06,90,100,1.57,CN,1601176692
Tyubuk,56.06,60.94,44.58,90,0,5.32,RU,1601176692
Ranfurly,-45.13,170.1,48.0,61,51,4.0,NZ,1601176692
Half Moon Bay,37.46,-122.43,73.99,77,1,19.46,US,1601176665
Ampanihy,-24.7,44.75,67.86,77,0,3.31,MG,1601176693
Daru,-9.08,143.21,81.63,72,34,14.65,PG,1601176693
Zhezkazgan,47.8,67.71,39.2,86,0,13.42,KZ,1601176693
Beltiug,47.55,22.85,50.0,93,98,9.17,RO,1601176694
Hong Kong,22.29,114.16,84.0,80,100,1.01,HK,1601176694
Mīrābād,30.44,61.84,70.27,23,0,9.64,AF,1601176695
Kaeo,-35.1,173.78,70.0,58,8,11.99,NZ,1601176695
Alihe,50.57,123.72,63.63,61,74,7.94,CN,1601176530
Araouane,18.9,-3.53,89.74,12,0,0.43,ML,1601176695
Haines Junction,60.75,-137.51,43.81,80,87,5.79,CA,1601176696
Divnomorskoye,44.5,38.14,69.21,73,0,6.33,RU,1601176696
Atambua,-9.11,124.89,88.23,41,98,3.6,ID,1601176696
Hakui,36.88,136.78,75.0,73,75,9.17,JP,1601176697
Strathmore,51.05,-113.39,50.0,67,87,5.01,CA,1601176697
Marquette,46.53,-87.63,60.01,99,100,3.0,US,1601176531
Mossoró,-5.19,-37.34,74.28,68,0,10.6,BR,1601176697
Copiapó,-27.37,-70.33,53.6,76,0,6.93,CL,1601176698
San Quintín,30.48,-115.95,68.56,80,0,5.03,MX,1601176698
Kysyl-Syr,63.9,122.76,48.43,86,100,7.74,RU,1601176698
Bogalusa,30.79,-89.85,72.0,88,75,3.38,US,1601176699
Atikokan,48.76,-91.62,54.82,93,100,9.22,CA,1601176699
Kristinestad,62.27,21.38,54.86,93,98,8.59,FI,1601176699
São Pedro,-22.55,-47.91,74.95,28,0,3.04,BR,1601176700
Cuiluan,47.72,128.65,68.22,54,4,6.17,CN,1601176700
Ipaba,-19.41,-42.42,68.52,67,0,2.77,BR,1601176700
Paharpur,32.1,70.97,83.61,25,0,10.36,PK,1601176701
Inuvik,68.35,-133.72,33.8,89,90,6.93,CA,1601176701
Marihatag,8.79,126.3,85.26,63,82,5.86,PH,1601176701
Mayo,38.89,-76.51,69.8,100,90,4.7,US,1601176606
Rāmhormoz,31.28,49.6,75.2,36,0,9.17,IR,1601176702
Ucluelet,48.93,-125.55,54.0,89,10,1.12,CA,1601176594
Tabou,4.42,-7.35,75.72,90,34,6.67,CI,1601176702
Thinadhoo,0.53,72.93,83.23,66,100,4.61,MV,1601176702
Arroio Grande,-32.24,-53.09,61.59,93,62,14.41,BR,1601176703
Meadow Lake,34.8,-106.54,78.8,11,20,4.7,US,1601176703
Guisa,20.25,-76.54,78.8,88,20,2.24,CU,1601176703
Magrath,49.42,-112.87,48.2,48,1,19.46,CA,1601176704
Nemšová,48.97,18.12,44.01,90,97,1.01,SK,1601176704
Siwān,26.22,84.37,84.18,73,16,2.89,IN,1601176556
Anūpgarh,29.19,73.21,88.47,39,0,11.16,IN,1601176705
Becerril,9.7,-73.28,73.6,84,100,4.23,CO,1601176705
Labuhan,-6.88,112.21,88.79,53,100,3.0,ID,1601176705
Bucerías,20.75,-105.33,82.99,83,90,1.59,MX,1601176677
Bam,29.11,58.36,75.63,17,0,4.81,IR,1601176706
Arnedo,42.22,-2.1,54.0,76,40,5.82,ES,1601176706
Kasongo-Lunda,-6.47,16.82,69.82,88,39,1.77,CD,1601176707
Ikom,5.97,8.71,71.65,99,100,0.2,NG,1601176707
Sitia,35.2,26.1,75.0,78,0,4.0,GR,1601176707
Hofn,64.25,-15.21,49.01,97,100,7.87,IS,1601176708
La Maddalena,41.21,9.41,59.0,100,83,3.36,IT,1601176708
San Juan de los Morros,9.91,-67.35,70.14,88,74,2.42,VE,1601176708
Mount Isa,-20.73,139.5,84.2,13,0,6.93,AU,1601176709
Kulhudhuffushi,6.62,73.07,81.61,80,81,9.42,MV,1601176709
San Isidro,-12.12,-77.05,61.0,82,20,10.29,PE,1601176709
Faro,37.02,-7.93,64.4,72,0,10.29,PT,1601176618
Saurimo,-9.66,20.39,66.63,76,0,3.6,AO,1601176710
Kalmunai,7.42,81.82,83.41,71,28,2.68,LK,1601176710
Onega,63.91,38.14,50.29,93,84,5.14,RU,1601176710
Vao,-22.67,167.48,74.01,83,0,8.05,NC,1601176711
São Filipe,14.9,-24.5,81.16,83,36,9.26,CV,1601176711
Duncan,34.5,-97.96,77.0,65,1,14.99,US,1601176629
Genhe,50.78,121.52,56.14,55,0,12.77,CN,1601176711
Ambérieu-en-Bugey,45.96,5.34,46.4,81,100,3.36,FR,1601176712
Wanaka,-44.7,169.15,46.72,55,5,13.76,NZ,1601176712
Trincomalee,8.57,81.23,83.82,69,51,11.79,LK,1601176712
Shepsi,44.04,39.15,72.43,67,0,7.07,RU,1601176713
Kabompo,-13.59,24.2,59.23,35,0,2.95,ZM,1601176714
Digby,44.62,-65.77,57.7,92,6,10.58,CA,1601176715
Ust'-Ilimsk,58.0,102.66,46.09,68,100,7.02,RU,1601176715
Belyy Yar,53.6,91.39,42.8,87,80,2.24,RU,1601176716
Moss Vale,-34.55,150.38,63.0,62,40,3.36,AU,1601176716
Helong,42.54,129.0,70.0,49,0,3.02,CN,1601176716
Luwuk,-0.95,122.79,87.42,56,99,4.61,ID,1601176717
Cândido de Abreu,-24.57,-51.33,69.66,51,0,2.35,BR,1601176717
Narsaq,60.92,-46.05,35.6,55,0,5.82,GL,1601176717
Beringovskiy,63.05,179.32,38.28,73,27,17.29,RU,1601176717
Eyl,7.98,49.82,77.77,75,96,14.9,SO,1601176718
Baruun-Urt,46.68,113.28,56.37,36,72,8.61,MN,1601176718
Puteyets,65.17,57.09,49.28,96,89,8.23,RU,1601176718
Rome,43.21,-75.46,66.2,82,1,4.7,US,1601176718
Qādiān,31.82,75.39,75.2,88,0,5.1,IN,1601176719
Port-Gentil,-0.72,8.78,76.14,76,100,11.56,GA,1601176719
Staryy Nadym,65.61,72.68,48.49,92,55,8.55,RU,1601176719
Mandalgovi,45.76,106.27,51.8,37,99,11.45,MN,1601176720
The Valley,18.22,-63.06,84.2,74,20,8.05,AI,1601176720
Megion,61.03,76.11,42.8,87,28,6.71,RU,1601176720
Moranbah,-22.0,148.05,81.63,24,0,10.8,AU,1601176721
Mareeba,-17.0,145.43,89.01,35,79,8.01,AU,1601176721
Birjand,32.87,59.22,55.4,20,0,11.41,IR,1601176696
Muros,42.78,-9.06,60.01,95,98,7.34,ES,1601176721
Saint-Augustin,51.23,-58.65,48.15,82,100,6.8,CA,1601176721
Cayenne,4.93,-52.33,78.8,88,0,2.24,GF,1601176598
Marsá Maţrūḩ,31.35,27.25,73.4,60,0,5.82,EG,1601176722
Lorengau,-2.02,147.27,82.96,77,98,8.41,PG,1601176723
Maceió,-9.67,-35.74,73.4,94,75,8.05,BR,1601176724
Betong,5.77,101.07,82.15,64,100,2.13,TH,1601176724
Codrington,-38.27,141.97,52.41,59,24,5.99,AU,1601176724
Khāsh,28.22,61.22,67.95,23,0,1.52,IR,1601176725
Millinocket,45.66,-68.71,59.0,77,1,5.82,US,1601176642
Aksu,41.12,80.26,63.9,28,100,14.05,CN,1601176725
Pimenta Bueno,-11.67,-61.19,75.67,78,76,3.76,BR,1601176725
Acapulco de Juárez,16.86,-99.89,82.4,74,40,5.82,MX,1601176726
Byron Bay,-28.65,153.62,75.0,34,0,14.99,AU,1601176527
Camaná,-16.62,-72.71,59.67,77,14,8.05,PE,1601176726
Santa Cruz de la Sierra,-17.8,-63.17,82.4,69,0,13.87,BO,1601176726
Saint-Leu,-21.15,55.28,69.8,49,0,8.05,RE,1601176727
Dzaoudzi,-12.79,45.27,78.8,74,75,8.05,YT,1601176727
Mandiana,10.63,-8.68,71.13,93,52,3.2,GN,1601176728
Sabang,5.89,95.32,81.9,79,88,12.62,ID,1601176728
Somerset East,-32.72,25.59,41.43,68,63,3.42,ZA,1601176728
Laibin,23.7,109.27,68.97,84,100,8.57,CN,1601176729
Bandarbeyla,9.49,50.81,77.11,76,13,20.6,SO,1601176729
Aldan,58.6,125.39,53.96,48,100,16.22,RU,1601176729
Kango,0.19,10.1,71.82,96,100,1.97,GA,1601176729
Arman',59.7,150.17,52.2,50,4,7.85,RU,1601176730
Poronaysk,49.22,143.12,54.81,64,100,10.47,RU,1601176730
Marawi,8.0,124.29,82.99,75,4,5.99,PH,1601176730
Bulgan,48.81,103.53,44.62,56,0,5.03,MN,1601176731
Tutin,42.99,20.33,40.96,82,0,2.95,RS,1601176731
Buin,-33.73,-70.75,51.8,71,0,2.24,CL,1601176731
Zorritos,-3.68,-80.68,69.04,76,11,7.16,PE,1601176732
Bako,5.78,36.57,64.02,91,100,1.19,ET,1601176732
São Geraldo do Araguaia,-6.4,-48.55,77.86,66,7,1.54,BR,1601176732
Vodyane,47.49,34.49,67.89,83,87,18.9,UA,1601176732
Awjilah,29.11,21.29,72.55,74,0,3.51,LY,1601176733
Karpathos,35.51,27.21,75.2,78,0,10.29,GR,1601176733
Kumano,34.34,132.59,77.0,60,75,10.29,JP,1601176733
Beeville,28.4,-97.75,81.0,87,0,8.01,US,1601176733
Senneterre,48.38,-77.23,62.6,88,90,8.05,CA,1601176734
Ternitz,47.72,16.04,42.01,85,37,5.01,AT,1601176734
Leh,34.17,77.58,44.06,53,4,6.35,IN,1601176734
Dehui,44.53,125.7,69.8,56,16,6.71,CN,1601176735
Raufoss,60.73,10.62,46.99,94,100,5.5,NO,1601176735
Bluefield,37.27,-81.22,60.8,87,40,3.36,US,1601176638
Alekseyevsk,57.84,108.35,46.22,82,96,7.07,RU,1601176735
Los Gatos,37.23,-121.97,73.99,53,75,6.93,US,1601176479
Riverton,40.52,-111.94,61.0,51,100,8.05,US,1601176736
Ţalkhā,31.05,31.38,67.95,87,0,2.84,EG,1601176736
Omboué,-1.57,9.26,74.37,80,99,8.32,GA,1601176634
Peniche,39.36,-9.38,64.99,91,100,10.0,PT,1601176736
Verkhnyaya Maksakovka,61.63,50.97,42.8,100,1,4.47,RU,1601176737
Westport,41.14,-73.36,69.8,88,90,5.82,US,1601176737
Katobu,-4.94,122.53,89.26,52,82,7.67,ID,1601176562
